{
    "$schema": "https://schema.management.azure.com/schemas/0.1.2-preview/CreateUIDefinition.MultiVm.json#",
    "handler": "Microsoft.Azure.CreateUIDef",
    "version": "0.1.2-preview",
    "parameters": {
        "basics": [
            {
            }
        ],
        "steps": [
            {
                "name": "dataAccessConfig",
                "bladeTitle": "",
                "label": "Data Access",
                "subLabel": {"preValidation": "","postValidation": ""},
                "elements": [
                    {  
                        "name":"dataAccessSection",
                        "type": "Microsoft.Common.TextBlock",
                        "visible":"true",
                         "options": {
                           "text": "Enter Your Storage account details so we can pull your data in"
                       }
                   },  
                    {
						"name": "storageAccountAccess",
						"type": "Microsoft.Storage.StorageAccountSelector",
						"label": "Storage account",
						"toolTip": "",
						"defaultValue": {
							"name": "storageaccount01",
							"type": "Premium_LRS"
						},
						"constraints": {
							"allowedTypes": []
						},
						"options": {
							"hideExisting": false
						},
						"visible": true
                    }
				]
            },
            {
                "name": "analytics",
                "bladeTitle": "",
                "bladeSubtitle": "",
                "label": "Analytics And Structure",
                "subLabel": {"preValidation": "","postValidation": ""},
                "elements": [
                    {  
                        "name":"databricksSection",
                        "type": "Microsoft.Common.TextBlock",
                        "visible":"true",
                         "options": {
                           "text": "Please Provide the Databricks Configuration",
                           "link": {
                               "label": "",
                               "uri": ""
                           }
                       }
                   },  
                    {
                        "name": "databricksConfig",
                        "type": "Microsoft.Common.TextBox",
                        "label": "Workspace name",
                        "visible": true,
                        "defaultValue": "",
                        "constraints": {
                            "required": true,
                            "regex": ".{3,}",
                            "validationMessage": "The Value Must Have a Length of 3"
                        }
                    },
                    {
                        "name": "databricksPricing",
                        "type": "Microsoft.Common.DropDown",
                        "label": "Pricing Tier",
                        "visible": true,
                        "defaultValue": "",
                        "constraints": {
                            "required": true,
                            "allowedValues": [
                                {
                                    "label": "Standard (Apache Spark, Secure with Azure AD)",
                                    "value":"standard"
                                },
                                {
                                    "label": "Premium (+ Role-based access controls)",
                                    "value":"premium"
                                },
                                {
                                    "label": "Trial (Premium - 14-Days Free DBUs)",
                                    "value":"trial"
                                }
                            ]
                        }
                    },

                    {  
                        "name":"MLSection",
                        "type": "Microsoft.Common.TextBlock",
                        "visible":"true",
                         "options": {
                           "text": "Please Provide the Machine Learning Service Configuration",
                           "link": {
                               "label": "",
                               "uri": ""
                           }
                       }
                   }, 
                    {
                        "name": "MLConfig",
                        "type": "Microsoft.Common.TextBox",
                        "label": "Workspace name",
                        "visible": true,
                        "defaultValue": "",
                        "constraints": {
                            "required": true,
                            "regex": "^[a-z0-9A-Z]{3,33}$",
                            "validationMessage": "Only alphanumeric characters are allowed, and the value must be 3-33 characters long."
                        }
                    }
                ]
            },
            {
                "name":"scrumSection",
                "label":"Scrum",
                "bladeTitle": "",
                "subLabel": {"preValidation": "","postValidation": ""},
                "elements": [
                    {  
						 "name":"emailConfig",
                         "type": "Microsoft.Common.TextBlock",
						 "visible":"true",
                          "options": {
                            "text": "Enter Your E-mail so we can set up Scrum",
                            "link": {
                                "label": "",
                                "uri": ""
                            }
                        }
					},        
                    {
                        "name": "emailAddress",
                        "type": "Microsoft.Common.TextBox",
                        "label": "Email",
                        "defaultValue": "",
                        "toolTip": "Please enter a valid email account",
                        "constraints": {
                            "required": true,
                            "regex": "^[a-zA-Z0-9_.+-]+@[a-zA-Z0-9-]+\\.[a-zA-Z0-9-.]+$",
                            "validationMessage": "Email is not valid. Please re-enter."
                        },
                        "visible": true
					}                                          
              ]            
         }
    ],
        "outputs": {
            "workspaceNameDB":"[steps('analytics').databricksConfig.name]",
            "pricingTier":"[steps('analytics').databricksPricing]",
            "workspaceNameML":"[steps('analytics').MLConfig.name]",
            "storageAccountName": "[steps('dataAccessConfig').storageAccountAccess.name]",
            "location": "[location()]"
        }
    }
}