{
    "$schema": "https://schema.management.azure.com/schemas/2019-04-01/deploymentTemplate.json#",
    "contentVersion": "1.0.0.0",
    "parameters": {
        "workspaceNameDB": {
            "type": "string",
            "metadata": {
                "description": "The name of the Azure Databricks workspace to create."
            }
        },
         "workspaceNameML": {
            "type": "string",
            "metadata": {
                "description": "The name of the Azure Machine Learning workspace to create."
            }
        },
        "pricingTier": {
            "type": "string",
            "defaultValue": "premium",
            "allowedValues": [
                "standard",
                "premium"
            ],
            "metadata": {
                "description": "The pricing tier of workspace."
            }
        },
        "storageAccountName":{
               "type": "string",
                "metadata": {
                "description": "The name of the Storage Account Name."
            }
        },
        "location": {
            "type": "string",
            "defaultValue": "[resourceGroup().location]",
            "metadata": {
                "description": "Location for all resources."
            }
        }
    },
    "variables": {
        "managedResourceGroupName": "[concat('databricks-rg-', parameters('workspaceNameDB'), '-', uniqueString(parameters('workspaceNameDB'), resourceGroup().id))]",
        "storageAccountName": "[concat('sa',parameters('workspaceNameML'))]",
        "storageAccountType": "Standard_LRS",
        "keyVaultName": "[concat('kv',parameters('workspaceNameML'))]",
        "tenantId": "[subscription().tenantId]",
        "applicationInsightsName": "[concat('ai',parameters('workspaceNameML'))]",
        "containerRegistryName": "[concat('cr',parameters('workspaceNameML'))]"
    },
    "resources": [
                        {
                            "type": "Microsoft.Storage/storageAccounts",
                            "apiVersion": "2018-07-01",
                            "name": "[variables('storageAccountName')]",
                            "location": "[parameters('location')]",
                            "sku": {
                                "name": "[variables('storageAccountType')]"
                            },
                            "kind": "StorageV2",
                            "properties": {
                                "encryption": {
                                    "services": {
                                        "blob": {
                                            "enabled": true
                                        },
                                        "file": {
                                            "enabled": true
                                        }
                                    },
                                    "keySource": "Microsoft.Storage"
                                },
                                "supportsHttpsTrafficOnly": true
                            }
                        },
                        {
                            "type": "Microsoft.KeyVault/vaults",
                            "apiVersion": "2018-02-14",
                            "name": "[variables('keyVaultName')]",
                            "location": "[parameters('location')]",
                            "properties": {
                                "tenantId": "[variables('tenantId')]",
                                "sku": {
                                    "name": "standard",
                                    "family": "A"
                                },
                                "accessPolicies": [
                                ]
                            }
                        },
                        {
                            "type": "Microsoft.Insights/components",
                            "apiVersion": "2015-05-01",
                            "name": "[variables('applicationInsightsName')]",
                            "location": "[if(or(equals(parameters('location'),'eastus2'),equals(parameters('location'),'westcentralus')),'southcentralus',parameters('location'))]",
                            "kind": "web",
                            "properties": {
                                "Application_Type": "web"
                            }
                        },
                        {
                            "type": "Microsoft.ContainerRegistry/registries",
                            "apiVersion": "2017-10-01",
                            "name": "[variables('containerRegistryName')]",
                            "location": "[parameters('location')]",
                            "sku": {
                                "name": "Standard"
                            },
                            "properties": {
                                "adminUserEnabled": true
                            }
                        },
                        {

                            "type": "Microsoft.MachineLearningServices/workspaces",
                            "apiVersion": "2018-11-19",
                            "name": "[parameters('workspaceNameML')]",
                            "location": "[parameters('location')]",
                            "dependsOn": [
                                "[resourceId('Microsoft.Storage/storageAccounts', variables('storageAccountName'))]",
                                "[resourceId('Microsoft.KeyVault/vaults', variables('keyVaultName'))]",
                                "[resourceId('Microsoft.Insights/components', variables('applicationInsightsName'))]",
                                "[resourceId('Microsoft.ContainerRegistry/registries', variables('containerRegistryName'))]"
                            ],
                            "identity": {
                                "type": "systemAssigned"
                            },
                            "properties": {
                                "friendlyName": "[parameters('workspaceNameML')]",
                                "keyVault": "[resourceId('Microsoft.KeyVault/vaults',variables('keyVaultName'))]",
                                "applicationInsights": "[resourceId('Microsoft.Insights/components',variables('applicationInsightsName'))]",
                                "containerRegistry": "[resourceId('Microsoft.ContainerRegistry/registries',variables('containerRegistryName'))]",
                                "storageAccount": "[resourceId('Microsoft.Storage/storageAccounts/',variables('storageAccountName'))]"
                            }
                        },
                        {
                            "type": "Microsoft.Databricks/workspaces",
                            "name": "[parameters('workspaceNameDB')]",
                            "location": "[parameters('location')]",
                            "apiVersion": "2018-04-01",
                            "sku": {
                                "name": "[parameters('pricingTier')]"
                            },
                            "properties": {
                                "ManagedResourceGroupId": "[concat(subscription().id, '/resourceGroups/', variables('managedResourceGroupName'))]"
                            }
                        }
                    ],      
    "outputs": {
        "workspace": {
            "type": "object",
            "value": "[reference(resourceId('Microsoft.Databricks/workspaces', parameters('workspaceNameDB')))]"
        }
    }
}