{
    "$schema": "https://schema.management.azure.com/schemas/2019-04-01/deploymentTemplate.json#",
    "contentVersion": "1.0.0.0",
    "parameters": { 
        "storageAccountName": {
            "type": "string",
            "metadata":{
                "description": "This is value for the Storage Account."
            }            
        },
        "DataBricksWorkSpace": {
            "type": "string",
            "minLength": 3,
            "maxLength": 30,
            "metadata" : {
                 "description": "The name of the Azure Databricks workspace to create."
            }
        },
        "PricingTier": {
            "type": "string",
            "defaultValue": "premium",
            "allowedValues": [
                "standard",
                "premium"
            ],
            "metadata": {
                "description": "The pricing tier of workspace."
            }
        },
        "MachineLearningStudioWorkSpace": {
            "type":"string",
             "minLength": 3,
             "maxLength": 30, 
             "metadata": {
                "description": "The name of the Azure Machine Learning workspace to create."
            }
        },
        "location": {
            "type": "string",
            "defaultValue": "[resourceGroup().location]",
            "metadata": {
                "description": "Location for all resources."
            }
        },
        "EmailId":{
            "type":"string",
            "metadata":{
                "description":"The Email Id used for Setting up Scrum."
            }
        }
     },
    "variables": {
        "storageAccountName": "[concat('sa',parameters('MachineLearningStudioWorkSpace'))]",
        "storageAccountType": "Standard_LRS",
        "KeyVaultName": "[concat('kv',parameters('MachineLearningStudioWorkSpace'))]",
        "ApplicationInsightsName": "[concat('ai',parameters('MachineLearningStudioWorkSpace'))]",
        "ContainerRegistryName": "[concat('cr',parameters('MachineLearningStudioWorkSpace'))]",
        "TenantId": "[subscription().tenantId]",
        "ManagedResourceGroupName": "[concat('databricks-rg-', parameters('DataBricksWorkSpace'), '-', uniqueString(parameters('DataBricksWorkSpace'), resourceGroup().id))]"
      },
    "functions": [  ],
    "resources": [
                    {
                        "type": "Microsoft.Storage/storageAccounts",
                        "apiVersion": "2018-07-01",
                        "name": "[variables('storageAccountName')]",
                        "location": "[parameters('location')]",
                        "sku": {
                            "name": "[variables('storageAccountType')]"
                        },
                        "kind": "StorageV2",
                        "properties": {
                            "encryption": {
                                "services": {
                                    "blob": {
                                        "enabled": true
                                    },
                                    "file": {
                                        "enabled": true
                                    }
                                },
                                "keySource": "Microsoft.Storage"
                            },
                            "supportsHttpsTrafficOnly": true
                    }
        },
                        {
                            "type": "Microsoft.KeyVault/vaults",
                            "apiVersion": "2018-02-14",
                            "name": "[variables('KeyVaultName')]",
                            "location": "[parameters('location')]",
                            "properties": {
                                "tenantId": "[variables('TenantId')]",
                                "sku": {
                                    "name": "standard",
                                    "family": "A"
                                },
                                "accessPolicies": [
                                    {
                                        "tenantId": "[subscription().tenantId]",
                                        "objectId": "fd155508-6a39-4dc9-bcdb-b4326b4284a5",
                                        "permissions": {
                                            "keys": [ "All" ],
                                            "secrets": [ "All" ]
                                        }
                                    }
                                ]
                            }
                        },
                         {
                         
                            "type": "Microsoft.Insights/components",
                            "apiVersion": "2015-05-01",
                            "name": "[variables('ApplicationInsightsName')]",
                            "location": "[if(or(equals(parameters('location'),'eastus2'),equals(parameters('location'),'westcentralus')),'southcentralus',parameters('location'))]",
                            "kind": "web",
                            "properties": {
                                "Application_Type": "web"
                            }
                        },
                        {
                            "type": "Microsoft.ContainerRegistry/registries",
                            "apiVersion": "2017-10-01",
                            "name": "[variables('ContainerRegistryName')]",
                            "location": "[parameters('location')]",
                            "sku": {
                                "name": "Standard"
                            },
                            "properties": {
                                "adminUserEnabled": true
                            }
                        },
                         {
                        "type": "Microsoft.KeyVault/vaults/secrets",
                        "name": "[concat(variables('keyVaultName'), '/','StorageAccountName')]",
                        "apiVersion": "2016-10-01",
                        "location": "centralus",
                        "scale": null,
                        "dependsOn": [
                            "[resourceId('Microsoft.KeyVault/vaults', variables('keyVaultName'))]"
                        ],
                        "properties": {
                            "contentType": "string",
                            "value": "[parameters('storageAccountName')]",
                            "attributes": {
                            "enabled": true
                                }
                            }
                        },
                        {
                        "type": "Microsoft.KeyVault/vaults/secrets",
                        "name": "[concat(variables('keyVaultName'), '/','EmailId')]",
                        "apiVersion": "2016-10-01",
                        "location": "centralus",
                        "scale": null,
                        "dependsOn": [
                            "[resourceId('Microsoft.KeyVault/vaults', variables('keyVaultName'))]"
                        ],
                        "properties": {
                            "contentType": "string",
                            "value": "[parameters('EmailId')]",
                            "attributes": {
                            "enabled": true
                                }
                            }
                        },
                        {
                            "type": "Microsoft.MachineLearningServices/workspaces",
                            "apiVersion": "2018-11-19",
                            "name": "[parameters('MachineLearningStudioWorkSpace')]",
                            "location": "[parameters('location')]",
                            "dependsOn": [
                                "[resourceId('Microsoft.Storage/storageAccounts', variables('storageAccountName'))]",
                                "[resourceId('Microsoft.KeyVault/vaults', variables('keyVaultName'))]",
                                "[resourceId('Microsoft.Insights/components', variables('applicationInsightsName'))]",
                                "[resourceId('Microsoft.ContainerRegistry/registries', variables('containerRegistryName'))]"
                            ],
                            "identity": {
                                "type": "systemAssigned"
                            },
                            "properties": {
                                "friendlyName": "[parameters('MachineLearningStudioWorkSpace')]",
                                "keyVault": "[resourceId('Microsoft.KeyVault/vaults',variables('keyVaultName'))]",
                                "applicationInsights": "[resourceId('Microsoft.Insights/components',variables('applicationInsightsName'))]",
                                "containerRegistry": "[resourceId('Microsoft.ContainerRegistry/registries',variables('containerRegistryName'))]",
                                "storageAccount": "[resourceId('Microsoft.Storage/storageAccounts/',variables('storageAccountName'))]"
                            }
                        },
                        {
                            "type": "Microsoft.Databricks/workspaces",
                            "name": "[parameters('DataBricksWorkSpace')]",
                            "location": "[parameters('location')]",
                            "apiVersion": "2018-04-01",
                            "sku": {
                                "name": "[parameters('PricingTier')]"
                            },
                            "properties": {
                                "ManagedResourceGroupId": "[concat(subscription().id, '/resourceGroups/', variables('ManagedResourceGroupName'))]"
                            }
                        }
     ],
    "outputs": {
    }
  }